{
  "project_info": {
    "project_number": "300911794341",
    "firebase_url": "https://connectfirebase-df0a4.firebaseio.com",
    "project_id": "connectfirebase-df0a4",
    "storage_bucket": "connectfirebase-df0a4.appspot.com"
  },
  "client": [
    {
      "client_info": {
        "mobilesdk_app_id": "1:300911794341:android:70a041229d39d6af02154c",
        "android_client_info": {
          "package_name": "com.example.connectfirebase"
        }
      },
      "oauth_client": [
        {
          "client_id": "300911794341-2rqspq9f1q6iapr585ab5ufioilfn0ot.apps.googleusercontent.com",
          "client_type": 1,
          "android_info": {
            "package_name": "com.example.connectfirebase",
            "certificate_hash": "a18a12e096ec38023bf5c1dda94bb03d5f45c6fb"
          }
        },
        {
          "client_id": "300911794341-t952ti297fp239v51k80t3rtmav4bjrr.apps.googleusercontent.com",
          "client_type": 3
        }
      ],
      "api_key": [
        {
          "current_key": "AIzaSyB_Ip0qKoSY434SJ-0jZ9iEhH8pfy1HmoM"
        }
      ],
      "services": {
        "appinvite_service": {
          "other_platform_oauth_client": [
            {
              "client_id": "300911794341-t952ti297fp239v51k80t3rtmav4bjrr.apps.googleusercontent.com",
              "client_type": 3
            }
          ]
        }
      }
    }
  ],
  "configuration_version": "1"
}